{"stats":{"minecraft:used":{"minecraft:moss_block":147,"minecraft:wooden_hoe":1,"minecraft:netherite_shovel":433,"minecraft:flint_and_steel":7,"minecraft:lantern":9,"minecraft:birch_planks":1,"minecraft:grass_block":272,"minecraft:netherite_axe":2,"minecraft:glow_berries":18,"minecraft:dirt":436,"minecraft:golden_carrot":1,"minecraft:tnt":6,"minecraft:axolotl_bucket":1,"minecraft:bone_meal":9,"minecraft:obsidian":14},"minecraft:killed":{"minecraft:skeleton":1},"minecraft:custom":{"minecraft:time_since_rest":96186,"minecraft:sprint_one_cm":97229,"minecraft:damage_taken":357,"minecraft:walk_one_cm":165893,"minecraft:interact_with_anvil":2,"minecraft:mob_kills":2,"minecraft:drop":130,"minecraft:damage_dealt":342,"minecraft:fly_one_cm":508702,"minecraft:player_kills":1,"minecraft:open_chest":2,"minecraft:crouch_one_cm":1112,"minecraft:play_time":101943,"minecraft:deaths":1,"minecraft:sneak_time":1501,"minecraft:jump":658,"minecraft:leave_game":9,"minecraft:walk_on_water_one_cm":1204,"minecraft:time_since_death":96157,"minecraft:total_world_time":101943,"minecraft:fall_one_cm":4512},"minecraft:mined":{"minecraft:fire":1,"minecraft:short_grass":9,"minecraft:grass_block":353,"minecraft:dirt":87},"minecraft:picked_up":{"minecraft:birch_log":3,"minecraft:stick":1,"minecraft:golden_carrot":4,"minecraft:dandelion":10,"minecraft:enchanted_book":1,"minecraft:dirt":481,"minecraft:arrow":2,"minecraft:bone":3,"minecraft:rotten_flesh":2,"minecraft:wheat_seeds":2,"minecraft:poppy":6,"minecraft:glow_berries":4,"minecraft:obsidian":1,"minecraft:birch_sapling":1,"minecraft:oxeye_daisy":1,"minecraft:egg":1},"minecraft:dropped":{"minecraft:spawner":1,"minecraft:dirt":118,"minecraft:golden_carrot":4,"minecraft:birch_sapling":1,"minecraft:obsidian":1,"minecraft:rotten_flesh":2,"minecraft:arrow":2,"minecraft:birch_log":1},"minecraft:killed_by":{"minecraft:zombie":1}},"DataVersion":3839}