{"stats":{"minecraft:used":{"minecraft:dark_oak_stairs":70,"minecraft:moss_block":147,"minecraft:dark_oak_planks":139,"minecraft:wooden_hoe":1,"minecraft:netherite_shovel":433,"minecraft:stripped_dark_oak_wood":1,"minecraft:flint_and_steel":7,"minecraft:lantern":16,"minecraft:birch_planks":1,"minecraft:grass_block":348,"minecraft:netherite_axe":2,"minecraft:dark_oak_slab":4,"minecraft:glow_berries":18,"minecraft:dirt":436,"minecraft:golden_carrot":1,"minecraft:stripped_dark_oak_log":112,"minecraft:tnt":6,"minecraft:dark_oak_fence":2,"minecraft:dark_oak_door":2,"minecraft:axolotl_bucket":1,"minecraft:bone_meal":9,"minecraft:deepslate_tiles":42,"minecraft:obsidian":14},"minecraft:killed":{"minecraft:skeleton":1},"minecraft:custom":{"minecraft:time_since_rest":120186,"minecraft:sprint_one_cm":141676,"minecraft:damage_taken":357,"minecraft:walk_one_cm":251303,"minecraft:interact_with_anvil":2,"minecraft:mob_kills":2,"minecraft:drop":131,"minecraft:damage_dealt":342,"minecraft:fly_one_cm":544197,"minecraft:player_kills":1,"minecraft:open_chest":2,"minecraft:crouch_one_cm":3359,"minecraft:play_time":125943,"minecraft:deaths":1,"minecraft:sneak_time":2379,"minecraft:jump":780,"minecraft:leave_game":9,"minecraft:walk_on_water_one_cm":1204,"minecraft:time_since_death":120157,"minecraft:total_world_time":125943,"minecraft:fall_one_cm":4512},"minecraft:mined":{"minecraft:fire":1,"minecraft:short_grass":9,"minecraft:grass_block":353,"minecraft:dirt":87},"minecraft:picked_up":{"minecraft:birch_log":3,"minecraft:stick":1,"minecraft:golden_carrot":4,"minecraft:dandelion":11,"minecraft:enchanted_book":1,"minecraft:dark_oak_log":1,"minecraft:dirt":481,"minecraft:dark_oak_trapdoor":1,"minecraft:dark_oak_planks":1,"minecraft:arrow":2,"minecraft:bone":3,"minecraft:rotten_flesh":2,"minecraft:stone_bricks":1,"minecraft:deepslate_tiles":1,"minecraft:wheat_seeds":2,"minecraft:deepslate_bricks":1,"minecraft:poppy":7,"minecraft:glow_berries":4,"minecraft:obsidian":1,"minecraft:birch_sapling":1,"minecraft:stripped_oak_log":1,"minecraft:oxeye_daisy":1,"minecraft:egg":1},"minecraft:dropped":{"minecraft:spawner":1,"minecraft:dirt":118,"minecraft:golden_carrot":4,"minecraft:birch_sapling":1,"minecraft:obsidian":1,"minecraft:rotten_flesh":2,"minecraft:stripped_oak_log":1,"minecraft:arrow":2,"minecraft:birch_log":1},"minecraft:killed_by":{"minecraft:zombie":1}},"DataVersion":3839}