{"stats":{"minecraft:used":{"minecraft:netherite_shovel":402,"minecraft:flint_and_steel":7,"minecraft:birch_planks":1,"minecraft:grass_block":10,"minecraft:dirt":248,"minecraft:golden_carrot":1,"minecraft:tnt":6,"minecraft:obsidian":14},"minecraft:custom":{"minecraft:time_since_rest":36290,"minecraft:sprint_one_cm":56192,"minecraft:damage_taken":357,"minecraft:walk_one_cm":74995,"minecraft:interact_with_anvil":2,"minecraft:drop":71,"minecraft:damage_dealt":85,"minecraft:fly_one_cm":243721,"minecraft:player_kills":1,"minecraft:open_chest":2,"minecraft:crouch_one_cm":971,"minecraft:play_time":42047,"minecraft:deaths":1,"minecraft:sneak_time":753,"minecraft:jump":345,"minecraft:leave_game":2,"minecraft:time_since_death":36261,"minecraft:walk_on_water_one_cm":260,"minecraft:total_world_time":42047,"minecraft:fall_one_cm":4512},"minecraft:mined":{"minecraft:fire":1,"minecraft:short_grass":9,"minecraft:grass_block":335,"minecraft:dirt":74},"minecraft:picked_up":{"minecraft:birch_log":3,"minecraft:stick":1,"minecraft:golden_carrot":4,"minecraft:dandelion":4,"minecraft:enchanted_book":1,"minecraft:dirt":450,"minecraft:rotten_flesh":2,"minecraft:wheat_seeds":2,"minecraft:obsidian":1,"minecraft:birch_sapling":1,"minecraft:oxeye_daisy":1,"minecraft:egg":1},"minecraft:dropped":{"minecraft:spawner":1,"minecraft:dirt":61,"minecraft:golden_carrot":4,"minecraft:birch_sapling":1,"minecraft:obsidian":1,"minecraft:rotten_flesh":2,"minecraft:birch_log":1},"minecraft:killed_by":{"minecraft:zombie":1}},"DataVersion":3839}