{"stats":{"minecraft:used":{"minecraft:netherite_shovel":402,"minecraft:flint_and_steel":7,"minecraft:birch_planks":1,"minecraft:grass_block":10,"minecraft:dirt":324,"minecraft:golden_carrot":1,"minecraft:tnt":6,"minecraft:obsidian":14},"minecraft:custom":{"minecraft:time_since_rest":61870,"minecraft:sprint_one_cm":66270,"minecraft:damage_taken":357,"minecraft:walk_one_cm":86438,"minecraft:interact_with_anvil":2,"minecraft:mob_kills":1,"minecraft:drop":71,"minecraft:damage_dealt":102,"minecraft:fly_one_cm":320048,"minecraft:player_kills":1,"minecraft:open_chest":2,"minecraft:crouch_one_cm":971,"minecraft:play_time":67627,"minecraft:deaths":1,"minecraft:sneak_time":898,"minecraft:jump":410,"minecraft:leave_game":8,"minecraft:walk_on_water_one_cm":260,"minecraft:time_since_death":61841,"minecraft:total_world_time":67627,"minecraft:fall_one_cm":4512},"minecraft:mined":{"minecraft:fire":1,"minecraft:short_grass":9,"minecraft:grass_block":335,"minecraft:dirt":74},"minecraft:picked_up":{"minecraft:birch_log":3,"minecraft:stick":1,"minecraft:golden_carrot":4,"minecraft:dandelion":4,"minecraft:enchanted_book":1,"minecraft:dirt":456,"minecraft:rotten_flesh":2,"minecraft:wheat_seeds":2,"minecraft:obsidian":1,"minecraft:birch_sapling":1,"minecraft:oxeye_daisy":1,"minecraft:egg":1},"minecraft:dropped":{"minecraft:spawner":1,"minecraft:dirt":61,"minecraft:golden_carrot":4,"minecraft:birch_sapling":1,"minecraft:obsidian":1,"minecraft:rotten_flesh":2,"minecraft:birch_log":1},"minecraft:killed_by":{"minecraft:zombie":1}},"DataVersion":3839}