{"stats":{"minecraft:used":{"minecraft:dirt":164,"minecraft:golden_carrot":1,"minecraft:tnt":6,"minecraft:flint_and_steel":7,"minecraft:birch_planks":1,"minecraft:obsidian":14},"minecraft:custom":{"minecraft:time_since_rest":24290,"minecraft:open_chest":2,"minecraft:crouch_one_cm":971,"minecraft:sprint_one_cm":37305,"minecraft:play_time":30047,"minecraft:deaths":1,"minecraft:damage_taken":357,"minecraft:walk_one_cm":41781,"minecraft:sneak_time":753,"minecraft:drop":71,"minecraft:jump":271,"minecraft:damage_dealt":85,"minecraft:leave_game":2,"minecraft:walk_on_water_one_cm":260,"minecraft:time_since_death":24261,"minecraft:total_world_time":30047,"minecraft:player_kills":1,"minecraft:fall_one_cm":4094,"minecraft:fly_one_cm":202573},"minecraft:mined":{"minecraft:grass_block":2,"minecraft:dirt":13,"minecraft:fire":1},"minecraft:dropped":{"minecraft:rotten_flesh":2,"minecraft:dirt":61,"minecraft:golden_carrot":4,"minecraft:birch_log":1,"minecraft:birch_sapling":1,"minecraft:obsidian":1,"minecraft:spawner":1},"minecraft:picked_up":{"minecraft:birch_log":3,"minecraft:stick":1,"minecraft:golden_carrot":4,"minecraft:rotten_flesh":2,"minecraft:birch_sapling":1,"minecraft:obsidian":1,"minecraft:dirt":124,"minecraft:egg":1},"minecraft:killed_by":{"minecraft:zombie":1}},"DataVersion":3839}