{"stats":{"minecraft:used":{"minecraft:dirt":4},"minecraft:custom":{"minecraft:jump":86,"minecraft:open_chest":1,"minecraft:time_since_rest":11469,"minecraft:damage_dealt":173,"minecraft:damage_taken":1983,"minecraft:leave_game":2,"minecraft:crouch_one_cm":1329,"minecraft:play_time":23155,"minecraft:sprint_one_cm":6670,"minecraft:time_since_death":6956,"minecraft:walk_one_cm":8982,"minecraft:deaths":3,"minecraft:sneak_time":1179,"minecraft:total_world_time":23155,"minecraft:mob_kills":1,"minecraft:fall_one_cm":12082,"minecraft:fly_one_cm":78002},"minecraft:picked_up":{"minecraft:rotten_flesh":2,"minecraft:dirt":53},"minecraft:mined":{"minecraft:grass_block":4,"minecraft:birch_leaves":1,"minecraft:dirt":27},"minecraft:killed_by":{"minecraft:player":1}},"DataVersion":3839}