{"stats":{"minecraft:used":{"minecraft:moss_block":102,"minecraft:dark_oak_planks":63,"minecraft:dark_oak_log":5,"minecraft:command_block":1,"minecraft:grass_block":207,"minecraft:poppy":20,"minecraft:stone":3,"minecraft:glow_berries":5,"minecraft:dirt":24,"minecraft:anvil":2,"minecraft:dandelion":16,"minecraft:bone_meal":19,"minecraft:stripped_spruce_log":4},"minecraft:killed":{"minecraft:axolotl":1},"minecraft:custom":{"minecraft:time_since_rest":107431,"minecraft:sprint_one_cm":16248,"minecraft:damage_taken":1983,"minecraft:walk_one_cm":64649,"minecraft:interact_with_anvil":3,"minecraft:mob_kills":2,"minecraft:drop":7,"minecraft:damage_dealt":273,"minecraft:fly_one_cm":389801,"minecraft:open_chest":1,"minecraft:crouch_one_cm":2943,"minecraft:play_time":119117,"minecraft:deaths":3,"minecraft:sneak_time":3382,"minecraft:jump":191,"minecraft:leave_game":4,"minecraft:time_since_death":102918,"minecraft:total_world_time":119117,"minecraft:fall_one_cm":12082},"minecraft:mined":{"minecraft:birch_leaves":1,"minecraft:grass_block":4,"minecraft:dirt":27},"minecraft:picked_up":{"minecraft:azure_bluet":1,"minecraft:dandelion":6,"minecraft:cornflower":2,"minecraft:dirt":120,"minecraft:rotten_flesh":2,"minecraft:wheat_seeds":3,"minecraft:glow_berries":4},"minecraft:dropped":{"minecraft:deepslate_bricks":1,"minecraft:enchanted_book":1,"minecraft:deepslate_tiles":1,"minecraft:dark_oak_log":1,"minecraft:dark_oak_trapdoor":1,"minecraft:stone_bricks":1,"minecraft:dark_oak_planks":1},"minecraft:killed_by":{"minecraft:player":1}},"DataVersion":3839}