{"stats":{"minecraft:used":{"minecraft:dirt":24,"minecraft:anvil":2,"minecraft:command_block":1,"minecraft:grass_block":138,"minecraft:poppy":20,"minecraft:dandelion":16},"minecraft:custom":{"minecraft:time_since_rest":83431,"minecraft:open_chest":1,"minecraft:damage_taken":1983,"minecraft:crouch_one_cm":2348,"minecraft:sprint_one_cm":13957,"minecraft:play_time":95117,"minecraft:deaths":3,"minecraft:walk_one_cm":40757,"minecraft:sneak_time":2750,"minecraft:mob_kills":1,"minecraft:interact_with_anvil":3,"minecraft:drop":1,"minecraft:jump":165,"minecraft:damage_dealt":173,"minecraft:leave_game":4,"minecraft:time_since_death":78918,"minecraft:total_world_time":95117,"minecraft:fall_one_cm":12082,"minecraft:fly_one_cm":303387},"minecraft:picked_up":{"minecraft:azure_bluet":1,"minecraft:rotten_flesh":2,"minecraft:dandelion":6,"minecraft:wheat_seeds":3,"minecraft:cornflower":2,"minecraft:dirt":114},"minecraft:mined":{"minecraft:grass_block":4,"minecraft:dirt":27,"minecraft:birch_leaves":1},"minecraft:dropped":{"minecraft:enchanted_book":1},"minecraft:killed_by":{"minecraft:player":1}},"DataVersion":3839}