{"stats":{"minecraft:used":{"minecraft:dirt":4},"minecraft:custom":{"minecraft:jump":82,"minecraft:open_chest":1,"minecraft:time_since_rest":764,"minecraft:damage_dealt":173,"minecraft:damage_taken":1083,"minecraft:leave_game":2,"minecraft:crouch_one_cm":1329,"minecraft:play_time":11155,"minecraft:sprint_one_cm":6670,"minecraft:time_since_death":199,"minecraft:walk_one_cm":8954,"minecraft:deaths":2,"minecraft:sneak_time":870,"minecraft:total_world_time":11155,"minecraft:mob_kills":1,"minecraft:fall_one_cm":2873,"minecraft:fly_one_cm":25000},"minecraft:picked_up":{"minecraft:rotten_flesh":2,"minecraft:dirt":53},"minecraft:mined":{"minecraft:grass_block":4,"minecraft:birch_leaves":1,"minecraft:dirt":27},"minecraft:killed_by":{"minecraft:player":1}},"DataVersion":3839}