{"stats":{"minecraft:used":{"minecraft:dirt":24,"minecraft:anvil":2,"minecraft:grass_block":45},"minecraft:custom":{"minecraft:time_since_rest":23469,"minecraft:open_chest":1,"minecraft:crouch_one_cm":2124,"minecraft:sprint_one_cm":12650,"minecraft:play_time":35155,"minecraft:deaths":3,"minecraft:damage_taken":1983,"minecraft:walk_one_cm":33832,"minecraft:sneak_time":2113,"minecraft:interact_with_anvil":3,"minecraft:mob_kills":1,"minecraft:drop":1,"minecraft:jump":127,"minecraft:damage_dealt":173,"minecraft:leave_game":2,"minecraft:time_since_death":18956,"minecraft:total_world_time":35155,"minecraft:fall_one_cm":12082,"minecraft:fly_one_cm":204885},"minecraft:mined":{"minecraft:grass_block":4,"minecraft:dirt":27,"minecraft:birch_leaves":1},"minecraft:picked_up":{"minecraft:azure_bluet":1,"minecraft:rotten_flesh":2,"minecraft:wheat_seeds":3,"minecraft:dandelion":6,"minecraft:cornflower":2,"minecraft:dirt":114},"minecraft:dropped":{"minecraft:enchanted_book":1},"minecraft:killed_by":{"minecraft:player":1}},"DataVersion":3839}