{"stats":{"minecraft:used":{"minecraft:deepslate_tiles":18,"minecraft:moss_block":102,"minecraft:dark_oak_stairs":2,"minecraft:dark_oak_planks":63,"minecraft:dark_oak_log":5,"minecraft:command_block":1,"minecraft:grass_block":207,"minecraft:poppy":20,"minecraft:stone":3,"minecraft:glow_berries":5,"minecraft:dirt":24,"minecraft:anvil":2,"minecraft:stripped_dark_oak_log":19,"minecraft:dandelion":16,"minecraft:bone_meal":19,"minecraft:stripped_spruce_log":4},"minecraft:killed":{"minecraft:axolotl":1},"minecraft:custom":{"minecraft:time_since_rest":119431,"minecraft:sprint_one_cm":16360,"minecraft:damage_taken":1983,"minecraft:walk_one_cm":71379,"minecraft:interact_with_anvil":3,"minecraft:mob_kills":2,"minecraft:drop":8,"minecraft:damage_dealt":273,"minecraft:fly_one_cm":417271,"minecraft:open_chest":1,"minecraft:crouch_one_cm":3065,"minecraft:play_time":131117,"minecraft:deaths":3,"minecraft:sneak_time":3537,"minecraft:jump":199,"minecraft:leave_game":4,"minecraft:time_since_death":114918,"minecraft:total_world_time":131117,"minecraft:fall_one_cm":12082},"minecraft:mined":{"minecraft:birch_leaves":1,"minecraft:grass_block":4,"minecraft:dirt":27},"minecraft:picked_up":{"minecraft:azure_bluet":1,"minecraft:dandelion":6,"minecraft:cornflower":2,"minecraft:dirt":120,"minecraft:rotten_flesh":2,"minecraft:wheat_seeds":3,"minecraft:glow_berries":4,"minecraft:stripped_dark_oak_log":1},"minecraft:dropped":{"minecraft:deepslate_bricks":1,"minecraft:enchanted_book":1,"minecraft:deepslate_tiles":1,"minecraft:dark_oak_log":1,"minecraft:dark_oak_trapdoor":1,"minecraft:stripped_dark_oak_log":1,"minecraft:stone_bricks":1,"minecraft:dark_oak_planks":1},"minecraft:killed_by":{"minecraft:player":1}},"DataVersion":3839}