{"stats":{"minecraft:used":{"minecraft:deepslate_tiles":87,"minecraft:moss_block":102,"minecraft:dark_oak_stairs":135,"minecraft:dark_oak_planks":63,"minecraft:dark_oak_log":5,"minecraft:command_block":1,"minecraft:grass_block":212,"minecraft:poppy":20,"minecraft:stone":3,"minecraft:diamond_ore":8,"minecraft:glow_berries":5,"minecraft:dirt":87,"minecraft:anvil":2,"minecraft:stripped_dark_oak_log":24,"minecraft:sponge":6,"minecraft:dandelion":16,"minecraft:bone_meal":19,"minecraft:stripped_spruce_log":5},"minecraft:killed":{"minecraft:axolotl":1},"minecraft:custom":{"minecraft:time_since_rest":143431,"minecraft:sprint_one_cm":18231,"minecraft:damage_taken":1983,"minecraft:walk_one_cm":99071,"minecraft:interact_with_anvil":3,"minecraft:mob_kills":2,"minecraft:drop":9,"minecraft:damage_dealt":273,"minecraft:fly_one_cm":467131,"minecraft:open_chest":1,"minecraft:crouch_one_cm":7616,"minecraft:play_time":155117,"minecraft:deaths":3,"minecraft:sneak_time":5291,"minecraft:jump":223,"minecraft:leave_game":4,"minecraft:walk_on_water_one_cm":485,"minecraft:time_since_death":138918,"minecraft:total_world_time":155117,"minecraft:fall_one_cm":12082},"minecraft:mined":{"minecraft:birch_leaves":1,"minecraft:grass_block":4,"minecraft:dirt":27},"minecraft:picked_up":{"minecraft:azure_bluet":1,"minecraft:dandelion":6,"minecraft:cornflower":2,"minecraft:dirt":121,"minecraft:rotten_flesh":2,"minecraft:wheat_seeds":3,"minecraft:glow_berries":4,"minecraft:stripped_dark_oak_log":1},"minecraft:dropped":{"minecraft:deepslate_bricks":1,"minecraft:enchanted_book":1,"minecraft:dirt":1,"minecraft:deepslate_tiles":1,"minecraft:dark_oak_log":1,"minecraft:dark_oak_trapdoor":1,"minecraft:stripped_dark_oak_log":1,"minecraft:stone_bricks":1,"minecraft:dark_oak_planks":1},"minecraft:killed_by":{"minecraft:player":1}},"DataVersion":3839}