{"stats":{"minecraft:used":{"minecraft:moss_block":102,"minecraft:glow_berries":5,"minecraft:dirt":24,"minecraft:anvil":2,"minecraft:command_block":1,"minecraft:grass_block":198,"minecraft:poppy":20,"minecraft:stone":3,"minecraft:dandelion":16,"minecraft:bone_meal":19},"minecraft:custom":{"minecraft:time_since_rest":95431,"minecraft:open_chest":1,"minecraft:damage_taken":1983,"minecraft:crouch_one_cm":2543,"minecraft:sprint_one_cm":14618,"minecraft:play_time":107117,"minecraft:deaths":3,"minecraft:walk_one_cm":47510,"minecraft:sneak_time":3112,"minecraft:mob_kills":1,"minecraft:interact_with_anvil":3,"minecraft:drop":1,"minecraft:jump":175,"minecraft:damage_dealt":173,"minecraft:leave_game":4,"minecraft:time_since_death":90918,"minecraft:total_world_time":107117,"minecraft:fall_one_cm":12082,"minecraft:fly_one_cm":353573},"minecraft:picked_up":{"minecraft:azure_bluet":1,"minecraft:rotten_flesh":2,"minecraft:dandelion":6,"minecraft:wheat_seeds":3,"minecraft:glow_berries":4,"minecraft:cornflower":2,"minecraft:dirt":120},"minecraft:mined":{"minecraft:grass_block":4,"minecraft:dirt":27,"minecraft:birch_leaves":1},"minecraft:dropped":{"minecraft:enchanted_book":1},"minecraft:killed_by":{"minecraft:player":1}},"DataVersion":3839}